"","pathway","color"
"Glycolysis / Gluconeogenesis","Glycolysis / Gluconeogenesis","#5431D3"
"Citrate cycle (TCA cycle)","Citrate cycle (TCA cycle)","#F6E499"
"Pentose phosphate pathway","Pentose phosphate pathway","#3ED846"
"Pentose and glucuronate interconversions","Pentose and glucuronate interconversions","#AAF841"
"Fructose and mannose metabolism","Fructose and mannose metabolism","#75CAD9"
"Galactose metabolism","Galactose metabolism","#F1C8F6"
"Ascorbate and aldarate metabolism","Ascorbate and aldarate metabolism","#D8C4E1"
"Fatty acid biosynthesis","Fatty acid biosynthesis","#9AC3F7"
"Fatty acid elongation","Fatty acid elongation","#9FC5A2"
"Fatty acid degradation","Fatty acid degradation","#80A1F5"
"Synthesis and degradation of ketone bodies","Synthesis and degradation of ketone bodies","#E3F98B"
"Cutin, suberine and wax biosynthesis","Cutin, suberine and wax biosynthesis","#B2C6D2"
"Steroid biosynthesis","Steroid biosynthesis","#CFF2D6"
"Primary bile acid biosynthesis","Primary bile acid biosynthesis","#DCC7AF"
"Secondary bile acid biosynthesis","Secondary bile acid biosynthesis","#9C6FD0"
"Ubiquinone and other terpenoid-quinone biosynthesis","Ubiquinone and other terpenoid-quinone biosynthesis","#C077A3"
"Steroid hormone biosynthesis","Steroid hormone biosynthesis","#41A79C"
"Oxidative phosphorylation","Oxidative phosphorylation","#1F9FAE"
"Photosynthesis","Photosynthesis","#BC14ED"
"Photosynthesis - antenna proteins","Photosynthesis - antenna proteins","#7FC47E"
"Arginine biosynthesis","Arginine biosynthesis","#EF45B3"
"Purine metabolism","Purine metabolism","#C6DFFB"
"Caffeine metabolism","Caffeine metabolism","#FA7F3F"
"Pyrimidine metabolism","Pyrimidine metabolism","#B9C95D"
"Alanine, aspartate and glutamate metabolism","Alanine, aspartate and glutamate metabolism","#F799A6"
"Tetracycline biosynthesis","Tetracycline biosynthesis","#279EED"
"Aflatoxin biosynthesis","Aflatoxin biosynthesis","#76E7C8"
"Glycine, serine and threonine metabolism","Glycine, serine and threonine metabolism","#F3F01F"
"Monobactam biosynthesis","Monobactam biosynthesis","#FBB9B4"
"Cysteine and methionine metabolism","Cysteine and methionine metabolism","#93C7D4"
"Valine, leucine and isoleucine degradation","Valine, leucine and isoleucine degradation","#DFE531"
"Geraniol degradation","Geraniol degradation","#44DB7B"
"Valine, leucine and isoleucine biosynthesis","Valine, leucine and isoleucine biosynthesis","#548CD6"
"Lysine biosynthesis","Lysine biosynthesis","#D39989"
"Lysine degradation","Lysine degradation","#D66AC2"
"Penicillin and cephalosporin biosynthesis","Penicillin and cephalosporin biosynthesis","#CDC487"
"Arginine and proline metabolism","Arginine and proline metabolism","#E815CB"
"Clavulanic acid biosynthesis","Clavulanic acid biosynthesis","#3EA146"
"Carbapenem biosynthesis","Carbapenem biosynthesis","#B9E094"
"Prodigiosin biosynthesis","Prodigiosin biosynthesis","#6BF883"
"Histidine metabolism","Histidine metabolism","#E18C2E"
"Tyrosine metabolism","Tyrosine metabolism","#FA8AB9"
"Phenylalanine metabolism","Phenylalanine metabolism","#9DFAA1"
"Chlorocyclohexane and chlorobenzene degradation","Chlorocyclohexane and chlorobenzene degradation","#650EFA"
"Benzoate degradation","Benzoate degradation","#4BDD20"
"Bisphenol degradation","Bisphenol degradation","#B4BFBF"
"Fluorobenzoate degradation","Fluorobenzoate degradation","#86E041"
"Furfural degradation","Furfural degradation","#7B80CE"
"Tryptophan metabolism","Tryptophan metabolism","#BE2CD1"
"Phenylalanine, tyrosine and tryptophan biosynthesis","Phenylalanine, tyrosine and tryptophan biosynthesis","#D4CA7C"
"Novobiocin biosynthesis","Novobiocin biosynthesis","#C2A6F8"
"Benzoxazinoid biosynthesis","Benzoxazinoid biosynthesis","#C497F9"
"Indole diterpene alkaloid biosynthesis","Indole diterpene alkaloid biosynthesis","#5B966A"
"Staurosporine biosynthesis","Staurosporine biosynthesis","#E4F9F3"
"Phenazine biosynthesis","Phenazine biosynthesis","#F897E4"
"beta-Alanine metabolism","beta-Alanine metabolism","#EEDEE4"
"Taurine and hypotaurine metabolism","Taurine and hypotaurine metabolism","#F3C39F"
"Phosphonate and phosphinate metabolism","Phosphonate and phosphinate metabolism","#F386CF"
"Selenocompound metabolism","Selenocompound metabolism","#B0B0E7"
"Cyanoamino acid metabolism","Cyanoamino acid metabolism","#E3C0C8"
"D-Glutamine and D-glutamate metabolism","D-Glutamine and D-glutamate metabolism","#ADFAE1"
"D-Arginine and D-ornithine metabolism","D-Arginine and D-ornithine metabolism","#34E14F"
"D-Alanine metabolism","D-Alanine metabolism","#C4B2DC"
"Glutathione metabolism","Glutathione metabolism","#F2A494"
"Starch and sucrose metabolism","Starch and sucrose metabolism","#BE71C3"
"N-Glycan biosynthesis","N-Glycan biosynthesis","#96C7BF"
"Other glycan degradation","Other glycan degradation","#AFFD7B"
"Mucin type O-glycan biosynthesis","Mucin type O-glycan biosynthesis","#B15DD7"
"Various types of N-glycan biosynthesis","Various types of N-glycan biosynthesis","#F0F0A8"
"Other types of O-glycan biosynthesis","Other types of O-glycan biosynthesis","#52FE98"
"Mannose type O-glycan biosynthesis","Mannose type O-glycan biosynthesis","#70EFDD"
"Amino sugar and nucleotide sugar metabolism","Amino sugar and nucleotide sugar metabolism","#B2ABA7"
"Streptomycin biosynthesis","Streptomycin biosynthesis","#F6E0F4"
"Biosynthesis of 12-, 14- and 16-membered macrolides","Biosynthesis of 12-, 14- and 16-membered macrolides","#9BCEA0"
"Polyketide sugar unit biosynthesis","Polyketide sugar unit biosynthesis","#F0BDF5"
"Neomycin, kanamycin and gentamicin biosynthesis","Neomycin, kanamycin and gentamicin biosynthesis","#728D26"
"Acarbose and validamycin biosynthesis","Acarbose and validamycin biosynthesis","#A2D6D1"
"Glycosaminoglycan degradation","Glycosaminoglycan degradation","#D78EA6"
"Glycosaminoglycan biosynthesis - chondroitin sulfate / dermatan sulfate","Glycosaminoglycan biosynthesis - chondroitin sulfate / dermatan sulfate","#9615F1"
"Glycosaminoglycan biosynthesis - keratan sulfate","Glycosaminoglycan biosynthesis - keratan sulfate","#CA528B"
"Glycosaminoglycan biosynthesis - heparan sulfate / heparin","Glycosaminoglycan biosynthesis - heparan sulfate / heparin","#B7ED69"
"Lipopolysaccharide biosynthesis","Lipopolysaccharide biosynthesis","#D0EBED"
"Peptidoglycan biosynthesis","Peptidoglycan biosynthesis","#5ABD61"
"Glycerolipid metabolism","Glycerolipid metabolism","#FEB82C"
"Inositol phosphate metabolism","Inositol phosphate metabolism","#F77BC6"
"Glycosylphosphatidylinositol (GPI)-anchor biosynthesis","Glycosylphosphatidylinositol (GPI)-anchor biosynthesis","#F48E66"
"Glycerophospholipid metabolism","Glycerophospholipid metabolism","#F1059F"
"Ether lipid metabolism","Ether lipid metabolism","#A1F8D0"
"Lipoarabinomannan (LAM) biosynthesis","Lipoarabinomannan (LAM) biosynthesis","#4C61D1"
"Arabinogalactan biosynthesis - Mycobacterium","Arabinogalactan biosynthesis - Mycobacterium","#99E5E6"
"Arachidonic acid metabolism","Arachidonic acid metabolism","#F6C9C4"
"Linoleic acid metabolism","Linoleic acid metabolism","#6BD151"
"alpha-Linolenic acid metabolism","alpha-Linolenic acid metabolism","#DBEDFA"
"Sphingolipid metabolism","Sphingolipid metabolism","#39A78E"
"Glycosphingolipid biosynthesis - lacto and neolacto series","Glycosphingolipid biosynthesis - lacto and neolacto series","#C39545"
"Glycosphingolipid biosynthesis - globo and isoglobo series","Glycosphingolipid biosynthesis - globo and isoglobo series","#DB5BF3"
"Glycosphingolipid biosynthesis - ganglio series","Glycosphingolipid biosynthesis - ganglio series","#D42AAA"
"Pyruvate metabolism","Pyruvate metabolism","#F76CAB"
"Dioxin degradation","Dioxin degradation","#82D0A1"
"Xylene degradation","Xylene degradation","#2EE291"
"Toluene degradation","Toluene degradation","#C0F7F5"
"Polycyclic aromatic hydrocarbon degradation","Polycyclic aromatic hydrocarbon degradation","#D6AE95"
"Chloroalkane and chloroalkene degradation","Chloroalkane and chloroalkene degradation","#9DEDF8"
"Naphthalene degradation","Naphthalene degradation","#D29CDA"
"Aminobenzoate degradation","Aminobenzoate degradation","#836A9E"
"Glyoxylate and dicarboxylate metabolism","Glyoxylate and dicarboxylate metabolism","#97F7DE"
"Nitrotoluene degradation","Nitrotoluene degradation","#9BF6E8"
"Propanoate metabolism","Propanoate metabolism","#D172F4"
"Ethylbenzene degradation","Ethylbenzene degradation","#A2CFF3"
"Styrene degradation","Styrene degradation","#B3DA9A"
"Butanoate metabolism","Butanoate metabolism","#CD6CB4"
"C5-Branched dibasic acid metabolism","C5-Branched dibasic acid metabolism","#F5CB7D"
"One carbon pool by folate","One carbon pool by folate","#DA8AC7"
"Methane metabolism","Methane metabolism","#EBDEAC"
"Carbon fixation in photosynthetic organisms","Carbon fixation in photosynthetic organisms","#D5C2BA"
"Carbon fixation pathways in prokaryotes","Carbon fixation pathways in prokaryotes","#7F6A8A"
"Thiamine metabolism","Thiamine metabolism","#A26AF1"
"Riboflavin metabolism","Riboflavin metabolism","#D782EE"
"Vitamin B6 metabolism","Vitamin B6 metabolism","#665372"
"Nicotinate and nicotinamide metabolism","Nicotinate and nicotinamide metabolism","#F1F4DB"
"Pantothenate and CoA biosynthesis","Pantothenate and CoA biosynthesis","#A0DA34"
"Biotin metabolism","Biotin metabolism","#C59670"
"Lipoic acid metabolism","Lipoic acid metabolism","#B942BA"
"Folate biosynthesis","Folate biosynthesis","#EC72F3"
"Atrazine degradation","Atrazine degradation","#B8FC95"
"Retinol metabolism","Retinol metabolism","#DB274F"
"Porphyrin and chlorophyll metabolism","Porphyrin and chlorophyll metabolism","#D4FD30"
"Terpenoid backbone biosynthesis","Terpenoid backbone biosynthesis","#DF927D"
"Indole alkaloid biosynthesis","Indole alkaloid biosynthesis","#C8B275"
"Monoterpenoid biosynthesis","Monoterpenoid biosynthesis","#BBEEA4"
"Limonene and pinene degradation","Limonene and pinene degradation","#5AA7F7"
"Diterpenoid biosynthesis","Diterpenoid biosynthesis","#4D7781"
"Brassinosteroid biosynthesis","Brassinosteroid biosynthesis","#74F628"
"Carotenoid biosynthesis","Carotenoid biosynthesis","#C35DC0"
"Zeatin biosynthesis","Zeatin biosynthesis","#69C2B1"
"Sesquiterpenoid and triterpenoid biosynthesis","Sesquiterpenoid and triterpenoid biosynthesis","#E7F1F5"
"Nitrogen metabolism","Nitrogen metabolism","#2C6FD8"
"Sulfur metabolism","Sulfur metabolism","#E4F3A7"
"Caprolactam degradation","Caprolactam degradation","#E0F72D"
"Phenylpropanoid biosynthesis","Phenylpropanoid biosynthesis","#E3AD67"
"Flavonoid biosynthesis","Flavonoid biosynthesis","#F6ABB8"
"Anthocyanin biosynthesis","Anthocyanin biosynthesis","#8853BD"
"Isoflavonoid biosynthesis","Isoflavonoid biosynthesis","#F6A0D1"
"Flavone and flavonol biosynthesis","Flavone and flavonol biosynthesis","#BC79B7"
"Stilbenoid, diarylheptanoid and gingerol biosynthesis","Stilbenoid, diarylheptanoid and gingerol biosynthesis","#17FA67"
"Isoquinoline alkaloid biosynthesis","Isoquinoline alkaloid biosynthesis","#E6BFBB"
"Tropane, piperidine and pyridine alkaloid biosynthesis","Tropane, piperidine and pyridine alkaloid biosynthesis","#E2FBA5"
"Betalain biosynthesis","Betalain biosynthesis","#81C8BE"
"Glucosinolate biosynthesis","Glucosinolate biosynthesis","#F2839A"
"Aminoacyl-tRNA biosynthesis","Aminoacyl-tRNA biosynthesis","#9461AA"
"Metabolism of xenobiotics by cytochrome P450","Metabolism of xenobiotics by cytochrome P450","#D8E7BA"
"Insect hormone biosynthesis","Insect hormone biosynthesis","#E813F9"
"Drug metabolism - cytochrome P450","Drug metabolism - cytochrome P450","#D4D5AA"
"Drug metabolism - other enzymes","Drug metabolism - other enzymes","#4BC040"
"Steroid degradation","Steroid degradation","#1B1E9C"
"Biosynthesis of various secondary metabolites - part 3","Biosynthesis of various secondary metabolites - part 3","#D7EDE6"
"Biosynthesis of various secondary metabolites - part 2","Biosynthesis of various secondary metabolites - part 2","#D2A4D1"
"Biosynthesis of various secondary metabolites - part 1","Biosynthesis of various secondary metabolites - part 1","#D9D646"
"Overview of biosynthetic pathways","Overview of biosynthetic pathways","#8DD998"
"Biosynthesis of unsaturated fatty acids","Biosynthesis of unsaturated fatty acids","#3FFBCA"
"Biosynthesis of ansamycins","Biosynthesis of ansamycins","#589B9D"
"Type I polyketide structures","Type I polyketide structures","#7B7DE3"
"Biosynthesis of siderophore group nonribosomal peptides","Biosynthesis of siderophore group nonribosomal peptides","#D4EFDA"
"Nonribosomal peptide structures","Nonribosomal peptide structures","#BAD6A1"
"Biosynthesis of vancomycin group antibiotics","Biosynthesis of vancomycin group antibiotics","#F7AC76"
"Biosynthesis of type II polyketide backbone","Biosynthesis of type II polyketide backbone","#CA58A3"
"Biosynthesis of type II polyketide products","Biosynthesis of type II polyketide products","#61D954"
"Acridone alkaloid biosynthesis","Acridone alkaloid biosynthesis","#E466D2"
"Biosynthesis of enediyne antibiotics","Biosynthesis of enediyne antibiotics","#D1F96E"
"Biosynthesis of plant secondary metabolites","Biosynthesis of plant secondary metabolites","#F3ED80"
"Biosynthesis of phenylpropanoids","Biosynthesis of phenylpropanoids","#C6F9A2"
"Biosynthesis of terpenoids and steroids","Biosynthesis of terpenoids and steroids","#BAD2BE"
"Biosynthesis of alkaloids derived from shikimate pathway","Biosynthesis of alkaloids derived from shikimate pathway","#F444CF"
"Biosynthesis of alkaloids derived from ornithine, lysine and nicotinic acid","Biosynthesis of alkaloids derived from ornithine, lysine and nicotinic acid","#ADAEF6"
"Biosynthesis of alkaloids derived from histidine and purine","Biosynthesis of alkaloids derived from histidine and purine","#B7EED8"
"Biosynthesis of alkaloids derived from terpenoid and polyketide","Biosynthesis of alkaloids derived from terpenoid and polyketide","#51A6CD"
"Biosynthesis of plant hormones","Biosynthesis of plant hormones","#A5E594"
"Metabolic pathways","Metabolic pathways","#62F86F"
"Biosynthesis of secondary metabolites","Biosynthesis of secondary metabolites","#D1D0B8"
"Microbial metabolism in diverse environments","Microbial metabolism in diverse environments","#F26F5A"
"Carbon metabolism","Carbon metabolism","#8EF0AE"
"2-Oxocarboxylic acid metabolism","2-Oxocarboxylic acid metabolism","#A0B5C1"
"Fatty acid metabolism","Fatty acid metabolism","#989396"
"Degradation of aromatic compounds","Degradation of aromatic compounds","#497F6E"
"Biosynthesis of amino acids","Biosynthesis of amino acids","#FC4C8B"
"beta-Lactam resistance","beta-Lactam resistance","#3FEAB0"
"Vancomycin resistance","Vancomycin resistance","#6CE67D"
"Cationic antimicrobial peptide (CAMP) resistance","Cationic antimicrobial peptide (CAMP) resistance","#5CF3D9"
"EGFR tyrosine kinase inhibitor resistance","EGFR tyrosine kinase inhibitor resistance","#DED15D"
"Endocrine resistance","Endocrine resistance","#E847D5"
"Antifolate resistance","Antifolate resistance","#78F3F4"
"Platinum drug resistance","Platinum drug resistance","#AFABB7"
"ABC transporters","ABC transporters","#9E3D48"
"Two-component system","Two-component system","#D9C86C"
"Quorum sensing","Quorum sensing","#767932"
"Biofilm formation - Pseudomonas aeruginosa","Biofilm formation - Pseudomonas aeruginosa","#B8E8C3"
"Biofilm formation - Escherichia coli","Biofilm formation - Escherichia coli","#F0416F"
"Bacterial chemotaxis","Bacterial chemotaxis","#F335BC"
"Flagellar assembly","Flagellar assembly","#DAA2B7"
"Phosphotransferase system (PTS)","Phosphotransferase system (PTS)","#EBD68F"
"Ribosome biogenesis in eukaryotes","Ribosome biogenesis in eukaryotes","#9DB781"
"Ribosome","Ribosome","#B2E8D9"
"RNA transport","RNA transport","#CEB56C"
"mRNA surveillance pathway","mRNA surveillance pathway","#F266E0"
"RNA degradation","RNA degradation","#F4D3F1"
"RNA polymerase","RNA polymerase","#FD927F"
"Basal transcription factors","Basal transcription factors","#E72AE8"
"DNA replication","DNA replication","#CAD9BD"
"Spliceosome","Spliceosome","#E3CBF0"
"Proteasome","Proteasome","#BAE561"
"Protein export","Protein export","#F8F650"
"Bacterial secretion system","Bacterial secretion system","#3C8218"
"PPAR signaling pathway","PPAR signaling pathway","#C2AA82"
"Base excision repair","Base excision repair","#D6504F"
"Nucleotide excision repair","Nucleotide excision repair","#6765BA"
"Mismatch repair","Mismatch repair","#C2B5F3"
"Homologous recombination","Homologous recombination","#E29DA2"
"Non-homologous end-joining","Non-homologous end-joining","#F4B3F5"
"Fanconi anemia pathway","Fanconi anemia pathway","#9CDEF0"
"MAPK signaling pathway","MAPK signaling pathway","#B99BDB"
"MAPK signaling pathway - yeast","MAPK signaling pathway - yeast","#56CE3C"
"ErbB signaling pathway","ErbB signaling pathway","#9093E8"
"MAPK signaling pathway - fly","MAPK signaling pathway - fly","#B5D9F8"
"Ras signaling pathway","Ras signaling pathway","#D2F585"
"Rap1 signaling pathway","Rap1 signaling pathway","#EFBBE0"
"MAPK signaling pathway - plant","MAPK signaling pathway - plant","#3ECCD2"
"Calcium signaling pathway","Calcium signaling pathway","#C0C3C8"
"cGMP-PKG signaling pathway","cGMP-PKG signaling pathway","#C5FBF2"
"cAMP signaling pathway","cAMP signaling pathway","#FCBDD4"
"Cytokine-cytokine receptor interaction","Cytokine-cytokine receptor interaction","#654F93"
"Viral protein interaction with cytokine and cytokine receptor","Viral protein interaction with cytokine and cytokine receptor","#999176"
"Chemokine signaling pathway","Chemokine signaling pathway","#D3DFA1"
"NF-kappa B signaling pathway","NF-kappa B signaling pathway","#C2DD7C"
"HIF-1 signaling pathway","HIF-1 signaling pathway","#2A8CF8"
"FoxO signaling pathway","FoxO signaling pathway","#816637"
"Phosphatidylinositol signaling system","Phosphatidylinositol signaling system","#8A4C9B"
"Sphingolipid signaling pathway","Sphingolipid signaling pathway","#F6A4E6"
"Phospholipase D signaling pathway","Phospholipase D signaling pathway","#7EDA6C"
"Plant hormone signal transduction","Plant hormone signal transduction","#AFAE77"
"Neuroactive ligand-receptor interaction","Neuroactive ligand-receptor interaction","#7CA092"
"Cell cycle","Cell cycle","#5CDAD3"
"Cell cycle - yeast","Cell cycle - yeast","#CEDBE3"
"Cell cycle - Caulobacter","Cell cycle - Caulobacter","#D2F654"
"Meiosis - yeast","Meiosis - yeast","#632C4A"
"Oocyte meiosis","Oocyte meiosis","#B7A291"
"p53 signaling pathway","p53 signaling pathway","#AB5C39"
"Ubiquitin mediated proteolysis","Ubiquitin mediated proteolysis","#F5BA73"
"Sulfur relay system","Sulfur relay system","#F2BBC0"
"SNARE interactions in vesicular transport","SNARE interactions in vesicular transport","#3BDDEA"
"Autophagy - other","Autophagy - other","#C18A52"
"Mitophagy - animal","Mitophagy - animal","#8974F2"
"Autophagy - yeast","Autophagy - yeast","#C0EC5A"
"Mitophagy - yeast","Mitophagy - yeast","#7AE8B4"
"Autophagy - animal","Autophagy - animal","#24B529"
"Protein processing in endoplasmic reticulum","Protein processing in endoplasmic reticulum","#2F887F"
"Lysosome","Lysosome","#24AF3D"
"Endocytosis","Endocytosis","#F5DF79"
"Phagosome","Phagosome","#F7F9C6"
"Peroxisome","Peroxisome","#BF91E6"
"mTOR signaling pathway","mTOR signaling pathway","#6896F8"
"PI3K-Akt signaling pathway","PI3K-Akt signaling pathway","#8FD27E"
"AMPK signaling pathway","AMPK signaling pathway","#E5C492"
"Apoptosis","Apoptosis","#96BB5B"
"Longevity regulating pathway","Longevity regulating pathway","#43CCE8"
"Longevity regulating pathway - worm","Longevity regulating pathway - worm","#247D58"
"Longevity regulating pathway - multiple species","Longevity regulating pathway - multiple species","#8AF570"
"Apoptosis - fly","Apoptosis - fly","#F769C8"
"Apoptosis - multiple species","Apoptosis - multiple species","#DD72C0"
"Ferroptosis","Ferroptosis","#62B349"
"Necroptosis","Necroptosis","#3488AE"
"Cellular senescence","Cellular senescence","#52C8FD"
"Cardiac muscle contraction","Cardiac muscle contraction","#D0FFE1"
"Adrenergic signaling in cardiomyocytes","Adrenergic signaling in cardiomyocytes","#94CBE1"
"Vascular smooth muscle contraction","Vascular smooth muscle contraction","#2AFAB4"
"Wnt signaling pathway","Wnt signaling pathway","#F9CAB5"
"Dorso-ventral axis formation","Dorso-ventral axis formation","#894D46"
"Notch signaling pathway","Notch signaling pathway","#D9FBF9"
"Hedgehog signaling pathway","Hedgehog signaling pathway","#E6A3CF"
"Hedgehog signaling pathway - fly","Hedgehog signaling pathway - fly","#E6AE9C"
"TGF-beta signaling pathway","TGF-beta signaling pathway","#63795F"
"Axon guidance","Axon guidance","#8ABF85"
"Axon regeneration","Axon regeneration","#BBDBB0"
"VEGF signaling pathway","VEGF signaling pathway","#D6F4C1"
"Apelin signaling pathway","Apelin signaling pathway","#4FEFF0"
"Osteoclast differentiation","Osteoclast differentiation","#C2C18E"
"Hippo signaling pathway","Hippo signaling pathway","#ADD5E8"
"Hippo signaling pathway - fly","Hippo signaling pathway - fly","#5DDA95"
"Hippo signaling pathway - multiple species","Hippo signaling pathway - multiple species","#F7ECE6"
"Focal adhesion","Focal adhesion","#D1DE97"
"ECM-receptor interaction","ECM-receptor interaction","#CBD1E3"
"Cell adhesion molecules (CAMs)","Cell adhesion molecules (CAMs)","#A83CC2"
"Adherens junction","Adherens junction","#D37790"
"Tight junction","Tight junction","#A12694"
"Gap junction","Gap junction","#BEC574"
"Signaling pathways regulating pluripotency of stem cells","Signaling pathways regulating pluripotency of stem cells","#4DDDB1"
"Complement and coagulation cascades","Complement and coagulation cascades","#7886A0"
"Platelet activation","Platelet activation","#80D8EC"
"Antigen processing and presentation","Antigen processing and presentation","#A3E0A2"
"Renin-angiotensin system","Renin-angiotensin system","#AE215D"
"Toll-like receptor signaling pathway","Toll-like receptor signaling pathway","#CED9D4"
"NOD-like receptor signaling pathway","NOD-like receptor signaling pathway","#AB8E9E"
"RIG-I-like receptor signaling pathway","RIG-I-like receptor signaling pathway","#2CB969"
"Cytosolic DNA-sensing pathway","Cytosolic DNA-sensing pathway","#D8147A"
"Toll and Imd signaling pathway","Toll and Imd signaling pathway","#402A76"
"C-type lectin receptor signaling pathway","C-type lectin receptor signaling pathway","#93AFD3"
"Plant-pathogen interaction","Plant-pathogen interaction","#F95BF3"
"JAK-STAT signaling pathway","JAK-STAT signaling pathway","#F5A5C8"
"Hematopoietic cell lineage","Hematopoietic cell lineage","#A5F8FA"
"Natural killer cell mediated cytotoxicity","Natural killer cell mediated cytotoxicity","#9CED98"
"IL-17 signaling pathway","IL-17 signaling pathway","#9FF566"
"Th1 and Th2 cell differentiation","Th1 and Th2 cell differentiation","#D38EEF"
"Th17 cell differentiation","Th17 cell differentiation","#ACC3C5"
"T cell receptor signaling pathway","T cell receptor signaling pathway","#DEA9AA"
"B cell receptor signaling pathway","B cell receptor signaling pathway","#EF5060"
"Fc epsilon RI signaling pathway","Fc epsilon RI signaling pathway","#C17E7E"
"Fc gamma R-mediated phagocytosis","Fc gamma R-mediated phagocytosis","#EBE8FA"
"TNF signaling pathway","TNF signaling pathway","#E1B1F9"
"Leukocyte transendothelial migration","Leukocyte transendothelial migration","#34C6F0"
"Intestinal immune network for IgA production","Intestinal immune network for IgA production","#A77558"
"Circadian rhythm","Circadian rhythm","#C0CC8B"
"Circadian rhythm - fly","Circadian rhythm - fly","#E3BAD4"
"Circadian rhythm - plant","Circadian rhythm - plant","#FA8F95"
"Circadian entrainment","Circadian entrainment","#CFF0E0"
"Thermogenesis","Thermogenesis","#4BEF9A"
"Long-term potentiation","Long-term potentiation","#4ADD6C"
"Synaptic vesicle cycle","Synaptic vesicle cycle","#E28665"
"Neurotrophin signaling pathway","Neurotrophin signaling pathway","#CE6A6A"
"Retrograde endocannabinoid signaling","Retrograde endocannabinoid signaling","#84E5E4"
"Glutamatergic synapse","Glutamatergic synapse","#7AC8A6"
"Cholinergic synapse","Cholinergic synapse","#B3F4EF"
"Serotonergic synapse","Serotonergic synapse","#A2E3DB"
"GABAergic synapse","GABAergic synapse","#7032B6"
"Dopaminergic synapse","Dopaminergic synapse","#F4D7C1"
"Long-term depression","Long-term depression","#A77BCA"
"Olfactory transduction","Olfactory transduction","#E4D7C5"
"Taste transduction","Taste transduction","#93BFCE"
"Phototransduction","Phototransduction","#F7DECC"
"Phototransduction - fly","Phototransduction - fly","#F729F4"
"Inflammatory mediator regulation of TRP channels","Inflammatory mediator regulation of TRP channels","#F38EE3"
"Regulation of actin cytoskeleton","Regulation of actin cytoskeleton","#816A66"
"Insulin signaling pathway","Insulin signaling pathway","#F8E7BE"
"Insulin secretion","Insulin secretion","#CAFC9A"
"GnRH signaling pathway","GnRH signaling pathway","#C0E0F0"
"Ovarian steroidogenesis","Ovarian steroidogenesis","#DD95DC"
"Progesterone-mediated oocyte maturation","Progesterone-mediated oocyte maturation","#2E5D44"
"Estrogen signaling pathway","Estrogen signaling pathway","#BEDCC5"
"Melanogenesis","Melanogenesis","#C7682E"
"Prolactin signaling pathway","Prolactin signaling pathway","#BEECF4"
"Thyroid hormone synthesis","Thyroid hormone synthesis","#F6DB62"
"Thyroid hormone signaling pathway","Thyroid hormone signaling pathway","#8495F9"
"Adipocytokine signaling pathway","Adipocytokine signaling pathway","#EF96F4"
"Oxytocin signaling pathway","Oxytocin signaling pathway","#D5C5D6"
"Glucagon signaling pathway","Glucagon signaling pathway","#A52F73"
"Regulation of lipolysis in adipocytes","Regulation of lipolysis in adipocytes","#C38AA5"
"Renin secretion","Renin secretion","#859470"
"Aldosterone synthesis and secretion","Aldosterone synthesis and secretion","#DEF648"
"Relaxin signaling pathway","Relaxin signaling pathway","#E8F56F"
"Cortisol synthesis and secretion","Cortisol synthesis and secretion","#75CCF2"
"Parathyroid hormone synthesis, secretion and action","Parathyroid hormone synthesis, secretion and action","#47B679"
"GnRH secretion","GnRH secretion","#7FDF7F"
"Type II diabetes mellitus","Type II diabetes mellitus","#EDA8F5"
"Insulin resistance","Insulin resistance","#D1B1F2"
"Non-alcoholic fatty liver disease (NAFLD)","Non-alcoholic fatty liver disease (NAFLD)","#B9D3D8"
"AGE-RAGE signaling pathway in diabetic complications","AGE-RAGE signaling pathway in diabetic complications","#CEA4B2"
"Cushing syndrome","Cushing syndrome","#70C1F3"
"Growth hormone synthesis, secretion and action","Growth hormone synthesis, secretion and action","#D3AE3A"
"Type I diabetes mellitus","Type I diabetes mellitus","#90B4AD"
"Maturity onset diabetes of the young","Maturity onset diabetes of the young","#CDCAC5"
"Aldosterone-regulated sodium reabsorption","Aldosterone-regulated sodium reabsorption","#A9F9AD"
"Endocrine and other factor-regulated calcium reabsorption","Endocrine and other factor-regulated calcium reabsorption","#D5D424"
"Vasopressin-regulated water reabsorption","Vasopressin-regulated water reabsorption","#91FD58"
"Proximal tubule bicarbonate reclamation","Proximal tubule bicarbonate reclamation","#2EB58F"
"Collecting duct acid secretion","Collecting duct acid secretion","#45469D"
"Salivary secretion","Salivary secretion","#56F192"
"Gastric acid secretion","Gastric acid secretion","#6F95B3"
"Pancreatic secretion","Pancreatic secretion","#46672D"
"Carbohydrate digestion and absorption","Carbohydrate digestion and absorption","#89A555"
"Protein digestion and absorption","Protein digestion and absorption","#A63DD9"
"Fat digestion and absorption","Fat digestion and absorption","#CC4A6B"
"Bile secretion","Bile secretion","#5C833A"
"Vitamin digestion and absorption","Vitamin digestion and absorption","#25C28B"
"Mineral absorption","Mineral absorption","#9CDBCA"
"Cholesterol metabolism","Cholesterol metabolism","#B6FB1A"
"Alzheimer disease","Alzheimer disease","#671779"
"Parkinson disease","Parkinson disease","#C56953"
"Amyotrophic lateral sclerosis (ALS)","Amyotrophic lateral sclerosis (ALS)","#B3F5C3"
"Huntington disease","Huntington disease","#EB4BF5"
"Spinocerebellar ataxia","Spinocerebellar ataxia","#C9F9C5"
"Prion diseases","Prion diseases","#AF2731"
"Cocaine addiction","Cocaine addiction","#F8DE2B"
"Amphetamine addiction","Amphetamine addiction","#4597D1"
"Morphine addiction","Morphine addiction","#E8CB35"
"Nicotine addiction","Nicotine addiction","#99F586"
"Alcoholism","Alcoholism","#C07BEE"
"Bacterial invasion of epithelial cells","Bacterial invasion of epithelial cells","#C62EE7"
"Vibrio cholerae infection","Vibrio cholerae infection","#AB9AF3"
"Biofilm formation - Vibrio cholerae","Biofilm formation - Vibrio cholerae","#D8E855"
"Epithelial cell signaling in Helicobacter pylori infection","Epithelial cell signaling in Helicobacter pylori infection","#C9E229"
"Pathogenic Escherichia coli infection","Pathogenic Escherichia coli infection","#D5E972"
"Shigellosis","Shigellosis","#B8B15D"
"Salmonella infection","Salmonella infection","#BD89B7"
"Pertussis","Pertussis","#C6F1E7"
"Legionellosis","Legionellosis","#75F167"
"Yersinia infection","Yersinia infection","#9C6437"
"Leishmaniasis","Leishmaniasis","#A5CF56"
"Chagas disease (American trypanosomiasis)","Chagas disease (American trypanosomiasis)","#B4BC95"
"African trypanosomiasis","African trypanosomiasis","#ABD675"
"Malaria","Malaria","#C7F5B3"
"Toxoplasmosis","Toxoplasmosis","#4EC6B8"
"Amoebiasis","Amoebiasis","#A94BFB"
"Staphylococcus aureus infection","Staphylococcus aureus infection","#9B5C09"
"Tuberculosis","Tuberculosis","#86598B"
"Hepatitis C","Hepatitis C","#3AB0C9"
"Hepatitis B","Hepatitis B","#F14D3D"
"Measles","Measles","#66AAEC"
"Human cytomegalovirus infection","Human cytomegalovirus infection","#E96E6C"
"Influenza A","Influenza A","#B6A5BC"
"Human papillomavirus infection","Human papillomavirus infection","#F398B0"
"Human T-cell leukemia virus 1 infection","Human T-cell leukemia virus 1 infection","#87F598"
"Kaposi sarcoma-associated herpesvirus infection","Kaposi sarcoma-associated herpesvirus infection","#92D6F8"
"Herpes simplex virus 1 infection","Herpes simplex virus 1 infection","#6DB2BC"
"Epstein-Barr virus infection","Epstein-Barr virus infection","#E26788"
"Human immunodeficiency virus 1 infection","Human immunodeficiency virus 1 infection","#5D80E0"
"Pathways in cancer","Pathways in cancer","#DFF7CB"
"Transcriptional misregulation in cancer","Transcriptional misregulation in cancer","#78ABDD"
"Viral carcinogenesis","Viral carcinogenesis","#E72FF8"
"Chemical carcinogenesis","Chemical carcinogenesis","#EEE3D3"
"Proteoglycans in cancer","Proteoglycans in cancer","#85C320"
"MicroRNAs in cancer","MicroRNAs in cancer","#597BFB"
"Colorectal cancer","Colorectal cancer","#BFC1EF"
"Renal cell carcinoma","Renal cell carcinoma","#AB496D"
"Pancreatic cancer","Pancreatic cancer","#F9257F"
"Endometrial cancer","Endometrial cancer","#A08DD8"
"Glioma","Glioma","#427AD7"
"Prostate cancer","Prostate cancer","#E63BDD"
"Thyroid cancer","Thyroid cancer","#EA6DC2"
"Basal cell carcinoma","Basal cell carcinoma","#A7C095"
"Melanoma","Melanoma","#D76DE0"
"Bladder cancer","Bladder cancer","#5EC309"
"Chronic myeloid leukemia","Chronic myeloid leukemia","#D97ECB"
"Acute myeloid leukemia","Acute myeloid leukemia","#AEFC7A"
"Small cell lung cancer","Small cell lung cancer","#EA4D97"
"Non-small cell lung cancer","Non-small cell lung cancer","#A3B351"
"Breast cancer","Breast cancer","#ABDCBE"
"Hepatocellular carcinoma","Hepatocellular carcinoma","#F1EC6B"
"Gastric cancer","Gastric cancer","#C05FF5"
"Central carbon metabolism in cancer","Central carbon metabolism in cancer","#D2F3A6"
"Choline metabolism in cancer","Choline metabolism in cancer","#F0D6D0"
"PD-L1 expression and PD-1 checkpoint pathway in cancer","PD-L1 expression and PD-1 checkpoint pathway in cancer","#F6F7EE"
"Asthma","Asthma","#A0CDB4"
"Autoimmune thyroid disease","Autoimmune thyroid disease","#CDFC89"
"Inflammatory bowel disease (IBD)","Inflammatory bowel disease (IBD)","#94D2D9"
"Systemic lupus erythematosus","Systemic lupus erythematosus","#D0D8C8"
"Rheumatoid arthritis","Rheumatoid arthritis","#ABEDF8"
"Allograft rejection","Allograft rejection","#9A57B1"
"Graft-versus-host disease","Graft-versus-host disease","#B5D8D6"
"Primary immunodeficiency","Primary immunodeficiency","#939BDB"
"Hypertrophic cardiomyopathy (HCM)","Hypertrophic cardiomyopathy (HCM)","#96E3B5"
"Arrhythmogenic right ventricular cardiomyopathy (ARVC)","Arrhythmogenic right ventricular cardiomyopathy (ARVC)","#E9CBA8"
"Dilated cardiomyopathy (DCM)","Dilated cardiomyopathy (DCM)","#C0FBD7"
"Viral myocarditis","Viral myocarditis","#F1ECEE"
"Fluid shear stress and atherosclerosis","Fluid shear stress and atherosclerosis","#F5DE8B"
"Penicillins","Penicillins","#CED3F4"
"Cephalosporins - parenteral agents","Cephalosporins - parenteral agents","#7AD5F2"
"Cephalosporins - oral agents","Cephalosporins - oral agents","#74FC4A"
"Quinolones","Quinolones","#EBEC93"
"Local analgesics","Local analgesics","#CF2DC6"
"Sulfonamide derivatives - sulfa drugs","Sulfonamide derivatives - sulfa drugs","#EAAADD"
"Sulfonamide derivatives - diuretics","Sulfonamide derivatives - diuretics","#7CB4C4"
"Sulfonamide derivatives - hypoglycemic agents","Sulfonamide derivatives - hypoglycemic agents","#DBDDF4"
"Tetracyclines","Tetracyclines","#B2F3F7"
"Macrolides and ketolides","Macrolides and ketolides","#43EFE7"
"Aminoglycosides","Aminoglycosides","#DFFAB9"
"Rifamycins","Rifamycins","#BFEB3C"
"HMG-CoA reductase inhibitors","HMG-CoA reductase inhibitors","#F1CD61"
"Quinolines","Quinolines","#D575A8"
"Antifungal agents","Antifungal agents","#4D648E"
"Antidepressants","Antidepressants","#3BF276"
"Antipsychotics","Antipsychotics","#59FA5F"
"Antipsychotics - phenothiazines","Antipsychotics - phenothiazines","#6CDE89"
"Anxiolytics","Anxiolytics","#72AF53"
"Antipsychotics - butyrophenones","Antipsychotics - butyrophenones","#8FDEF9"
"Hypnotics","Hypnotics","#C6A0C5"
"Anticonvulsants","Anticonvulsants","#738AC7"
"Eicosanoids","Eicosanoids","#B5F44A"
"Prostaglandins","Prostaglandins","#8F9C87"
"Calcium channel blocking drugs","Calcium channel blocking drugs","#EE657B"
"Antiarrhythmic drugs","Antiarrhythmic drugs","#90D34C"
"Antiulcer drugs","Antiulcer drugs","#D4BDEF"
"Opioid analgesics","Opioid analgesics","#76AE95"
"Antineoplastics - alkylating agents","Antineoplastics - alkylating agents","#F040A6"
"Antineoplastics - antimetabolic agents","Antineoplastics - antimetabolic agents","#82D133"
"Antineoplastics - agents from natural products","Antineoplastics - agents from natural products","#BEB9A6"
"Antineoplastics - hormones","Antineoplastics - hormones","#BFD04B"
"Antiviral agents","Antiviral agents","#E97BEE"
"Antineoplastics - protein kinases inhibitors","Antineoplastics - protein kinases inhibitors","#B8B9C9"
"Immunosuppressive agents","Immunosuppressive agents","#60C59F"
"Osteoporosis drugs","Osteoporosis drugs","#8BE4D3"
"Antimigraines","Antimigraines","#C5C5A6"
"Antithrombosis agents","Antithrombosis agents","#3DD9BB"
"Antirheumatics - DMARDs and biological agents","Antirheumatics - DMARDs and biological agents","#5BC5D1"
"Antidiabetics","Antidiabetics","#D097BE"
"Antidyslipidemic agents","Antidyslipidemic agents","#183345"
"Anti-HIV agents","Anti-HIV agents","#F9749C"
"Antiglaucoma agents","Antiglaucoma agents","#F9FAD4"
"Sulfonamide derivatives - overview","Sulfonamide derivatives - overview","#54F1CB"
"Agents for Alzheimer-type dementia","Agents for Alzheimer-type dementia","#C8BC24"
"Antiparkinsonian agents","Antiparkinsonian agents","#7D99CB"
"Benzoic acid family","Benzoic acid family","#EEB655"
"1,2-Diphenyl substitution family","1,2-Diphenyl substitution family","#4C68F4"
"Naphthalene family","Naphthalene family","#7A7583"
"Benzodiazepine family","Benzodiazepine family","#73E6FE"
"Serotonin receptor agonists/antagonists","Serotonin receptor agonists/antagonists","#A280EE"
"Histamine H1 receptor antagonists","Histamine H1 receptor antagonists","#B4C8F1"
"Dopamine receptor agonists/antagonists","Dopamine receptor agonists/antagonists","#B2DBE6"
"beta-Adrenergic receptor agonists/antagonists","beta-Adrenergic receptor agonists/antagonists","#F45815"
"alpha-Adrenergic receptor agonists/antagonists","alpha-Adrenergic receptor agonists/antagonists","#A99EC9"
"Catecholamine transferase inhibitors","Catecholamine transferase inhibitors","#F282E5"
"Renin-angiotensin system inhibitors","Renin-angiotensin system inhibitors","#7BFCBF"
"HIV protease inhibitors","HIV protease inhibitors","#7B9898"
"Cyclooxygenase inhibitors","Cyclooxygenase inhibitors","#F6D4E3"
"Cholinergic and anticholinergic drugs","Cholinergic and anticholinergic drugs","#A07A9E"
"Nicotinic cholinergic receptor antagonists","Nicotinic cholinergic receptor antagonists","#27DCFA"
"Peroxisome proliferator-activated receptor (PPAR) agonists","Peroxisome proliferator-activated receptor (PPAR) agonists","#4CB2F1"
"Retinoic acid receptor (RAR) and retinoid X receptor (RXR) agonists/antagonists","Retinoic acid receptor (RAR) and retinoid X receptor (RXR) agonists/antagonists","#B45CB6"
"Opioid receptor agonists/antagonists","Opioid receptor agonists/antagonists","#EEBD87"
"Glucocorticoid and mineralocorticoid receptor agonists/antagonists","Glucocorticoid and mineralocorticoid receptor agonists/antagonists","#8CE76B"
"Progesterone, androgen and estrogen receptor agonists/antagonists","Progesterone, androgen and estrogen receptor agonists/antagonists","#E1EBE0"
"Histamine H2/H3 receptor agonists/antagonists","Histamine H2/H3 receptor agonists/antagonists","#E2C3B1"
"Eicosanoid receptor agonists/antagonists","Eicosanoid receptor agonists/antagonists","#1520E1"
"Angiotensin receptor and endothelin receptor antagonists","Angiotensin receptor and endothelin receptor antagonists","#5755F5"
"GABA-A receptor agonists/antagonists","GABA-A receptor agonists/antagonists","#D59FF3"
"Sodium channel blocking drugs","Sodium channel blocking drugs","#ED805C"
"Potassium channel blocking and opening drugs","Potassium channel blocking and opening drugs","#B9E87D"
"Ion transporter inhibitors","Ion transporter inhibitors","#74E0EC"
"Neurotransmitter transporter inhibitors","Neurotransmitter transporter inhibitors","#97AA83"
"N-Metyl-D-aspartic acid receptor antagonists","N-Metyl-D-aspartic acid receptor antagonists","#B19090"
"Not Mapped","Not Mapped","#8CE5F9"
